#document_id, title, author, url, date_submitted, comments
"PFS-GEN-IPM000001-02", "NAOJ/Subaru-PFS software assembly meeting", "Naoyuki Tamura",, "2018/06/05", "PFS-ics:01242/pfspo 23989"
"PFS-GEN-IPM000002-01", "PFS sky subtraction: An overview to kick off detailed discussions", "Naoyuki Tamura", "https://sumire.pbworks.com/w/file/121075890/SkysubtractionOverview-NTamura-20170914.pdf", "2017/09/14", ""
"PFS-GEN-IPM000003-02", "NAOJ/Subaru-PFS software assembly mee7ng #2", "Naoyuki Tamura", , "2018/10/11", "PFS-Soft-Subaru:590/PFS-ics:01520/pfspo 25645"
"PFS-GEN-IPM000004-01", "PFS Engineering Run 1 (i.e. with MCS & pinhole mask system) readiness review meeting ## Introduction ##", "Naoyuki Tamura", , "2018/10/16", "PFS-ics:01538/pfspo 25723"
"PFS-GEN-IPM000005-02", "Briefing of the PFS engineering run", "Naoyuki Tamura", , "2018/10/22", "pfspo 25780"
"PFS-FIB-IPM000001-04", "A summary of fiber test", "Naoyuki Tamura", "https://sumire.pbworks.com/w/file/68673176/fiber-summary-v4.pdf", "2013/09/04", ""
"PFS-FIB-IPM000002-01", "Cable B fiber FRD test procedure", "Naoyuki Tamura", "https://sumire.pbworks.com/w/file/128335698/PFS-FIB-IPM000002-01_CableBFRDTestProcedure.pdf", "2018/08/22", "syseng:1361/pfspo 24892"
"PFS-FIB-IPM000004-01", "Fiber Connection Monitoring System (FCMS)", "Naoyuki Tamura", "https://sumire.pbworks.com/w/file/128640633/PFS-FIB-IPM000004-01_FCMS20150929.pdf", "2015/09/29", ""
"PFS-FIB-IPM000005-02", "Prototype Cable B Testing in Dec 2018: Data Summary", "Naoyuki Tamura", "https://sumire.pbworks.com/w/file/131113560/PFS-FIB-IPM000005-02_PrototypeCableBTestingDec2018DataSummary.pdf", "2018/12/30",
"PFS-PFI-IPM000001-01", "Measured runouts and beam angles", "Naoyuki Tamura", , "2018/0/13", "PFI: 1041"
"PFS-SPS-IPM001000-03", "IR4 SpS chiller planning", "Atsushi Shimono", "https://sumire.pbworks.com/w/file/88004371/PFS-SE-IPMU-00001-003-IR4-SpS-Chiller.pptx", "2014/10/24", "PFS-SE-IPMU-00001"
"PFS-SPS-IPM001001-01", "Note on PFS humidity control", "Atsushi Shimono", "https://github.com/Subaru-PFS/ics_doc/blob/master/SE-IPMU-00002", "2014/11/04", "PFS-SE-IPMU-00002"
"PFS-SPS-IPM001002-02", "SpS power distribution box design", "Atsushi Shimono", "https://sumire.pbworks.com/w/file/103421893/PFS-SE-IPMU-00003-002-SpS-PDB.pptx", "2015/12/02", "PFS-SE-IPMU-00003"
"PFS-PFI-IPM001000-01", "PFI failure mode analysis", "Atsushi Shimono", "https://sumire.pbworks.com/w/file/96737952/PFS-SE-IPMU-00004-001-PFI-failuremodes.pptx", "2015/05/26", "PFS-SE-IPMU-00004"
"PFS-ICS-IPM001000-02", "System wide failure mode analysis", "Atsushi Shimono", "https://sumire.pbworks.com/w/file/97758084/PFS-SE-IPMU-00005-002-SystemFailureModes.pptx", "2017/07/06", "PFS-SE-IPMU-00005"
"PFS-ICS-IPM001001-01", "Connection test and performance evaluation of Subaru communication fiber", "Atsushi Shimono", "https://sumire.pbworks.com/w/file/97758088/PFS-SE-IPMU-00006-001-FiberTest.pptx", "2017/07/01", "PFS-SE-IPMU-00006"
"PFS-SPT-IPM001000-02", "Applicable limitations to ETS on target assignment", "Atsushi Shimono", "https://sumire.pbworks.com/w/file/101954185/PFS-SE-IPMU-00007-002-ETSlimitation.pptx", "2015/10/23", "PFS-SE-IPMU-00007"
"PFS-SPS-IPM001003-01", "SpS 5th rack unit registration", "Atsushi Shimono",, "2015/12/02", "PFS-SE-IPMU-00008. PFS-SpS:01980"
"PFS-FIB-IPM001000-01", "Fiber monitoring system design", "Atsushi Shimono", "https://pfs.ipmu.jp/bts/show_bug.cgi?id=483", "2015/12/02", "PFS-SE-IPMU-00009"
"PFS-SPS-IPM001004-01", "SCR cable tray design and cable numbers", "Atsushi Shimono", "https://sumire.pbworks.com/w/file/105003117/PFS-SE-IPMU-00010-001-scr-cable-tray.pptx", "2016/02/01", "PFS-SE-IPMU-00010"
"PFS-SPS-IPM001005-01", "SpS cabling budget", "Atsushi Shimono", "https://sumire.pbworks.com/w/file/129020022/SpS-SCR-cabling-budget-20180523.xlsx", "2018/05/23", "PFS-SpS:03616"
"PFS-SPS-IPM001006-01", "SpS UPS capacity requirement", "Atsushi Shimono", "https://sumire.pbworks.com/w/file/105003111/PFS-SE-IPMU-00011-001-SpS-UPS-Capacity.pptx", "2016/02/09", "PFS-SE-IPMU-00011"
"PFS-PFI-IPM001001-01", "Study on dot placement on radius from center of Cobra", "Atsushi Shimono", "https://sumire.pbworks.com/w/file/106814211/PFS-SE-IPMU-00012-001-dot-radius.pptx", "2016/04/05", "PFS-SE-IPMU-00012"
"PFS-SPS-IPM001007-01", "xCU vacuum line note", "Atsushi Shimono", "https://sumire.pbworks.com/w/file/106911069/PFS-SE-IPMU-00013-001-xCUPumpLines.pptx", "2016/04/11", "PFS-SE-IPMU-00013"
"PFS-PFI-IPM001002-01", "Effects on Cobra operation from design and manufacture error", "Atsushi Shimono", "https://sumire.pbworks.com/w/file/107066907/PFS-SE-IPMU-00014-001-CobraOperation.pptx", "2016/04/13", "PFS-SE-IPMU-00014"
"PFS-PFI-IPM001003-00", "AG conversion accuracy study", "Atsushi Shimono",, "2016/04/21", "PFS-SE-IPMU-00015/ pfspo 17886"
"PFS-SPS-IPM001008-02", "SCR cabling design", "Atsushi Shimono", "https://github.com/Subaru-PFS/ics_doc/blob/master/SE-IPMU-00016.pptx", "2016/09/15", "PFS-SE-IPMU-00016"
"PFS-SPS-IPM001009-01", "Exposure time control per camera (arm)", "Atsushi Shimono", "https://github.com/Subaru-PFS/ics_doc/blob/master/PFS-SE-IPMU-00017-001%2B-ExpTime.pptx", "2016/09/20", "PFS-SE-IPMU-00017. pfspo 18777"
"PFS-ICS-IPM001002-01", "Data rate from reading out detectors", "Atsushi Shimono", "https://github.com/Subaru-PFS/ics_doc/tree/master/SSN-00001", "2012/08/28", "SSN-00001"
"ICD-00070", "PFS ICS network connections (ICD 70)", "Atsushi Shimono", "https://github.com/Subaru-PFS/ics_doc/tree/master/SSN-00002", "2014/08/06", "SSN-00002"
"PFS-GEN-IPM001001-01", "Items to be discussed on science requirements on PFS software", "Atsushi Shimono", "https://sumire.pbworks.com/w/file/129019869/PFS-GEN-IPM001001-01_SSN-00003-001-sciops-scireq-rev.pdf", "2013/11/29", "SSN-00003"
"PFS-GEN-IPM001001-02", "Items to be discussed on science requirements on PFS software", "Atsushi Shimono", "https://sumire.pbworks.com/w/file/90421694/PFS-GEN-IPM001001-02_sciops-scireq-2nd-summary-prelim.pdf", "2014/10/10", "SSN-00003"
"PFS-PFI-IPM001004-02", "Study on PFS AutoGuider communication specification to Telescope (NDA)", "Atsushi Shimono",, "2014/08/22", "SSN-00004. NDA"
"PFS-ICS-IPM001003-03", "Study on PFS power failure modes", "Atsushi Shimono", "https://sumire.pbworks.com/w/file/88008349/SSN-00005-003-Power-failure.pptx", "2014/10/24", "SSN-00005"
"PFS-PFI-IPM001005-02", "Study on PFS A&G/AG communication specification to Gen2", "Atsushi Shimono", "https://sumire.pbworks.com/w/file/94936820/SSN-00006-002-AGSeq.pptx", "2015/04/10", "SSN-00006"
"PFS-PFI-IPM001006-02", "Specifications on PFI lamp control system", "Atsushi Shimono", "https://sumire.pbworks.com/w/file/91330785/SSN-00007-002-CtrlSpec-PFICalLamp.pptx", "2015/01/15", "SSN-00007"
"PFS-GEN-IPM001002-01", "PFS Coordinate transformation", "Atsushi Shimono", "https://sumire.pbworks.com/w/file/92340255/SSN-00008-001-CoordinateTransformation.pptx", "2015/02/05", "SSN-00008"
"PFS-DAT-IPM001000-00", "PFS Integrated Database system", "Atsushi Shimono", , , "SSN-00009"
"PFS-ICS-IPM001004-02", "PFS ICS network design note", "Atsushi Shimono", "https://github.com/Subaru-PFS/ics_doc/tree/master/SSN-00010", "2015/10/18", "SSN-00010"
"PFS-ICS-IPM001005-01", "Study on PFS Observation Sequence (I) - overall", "Atsushi Shimono",, "2015/11/04", "SSN-00011. pfspo 16334"
"PFS-ICS-IPM001006-01", "Study on PFS Observation Sequence (II) - From command next field to AutoGuide", "Atsushi Shimono", "https://sumire.pbworks.com/w/file/94687160/SSN-00012-001-ICSSeq-2-CommandToAG.pptx", "2015/04/03", "SSN-00012"
"PFS-GEN-IPM001003-02", "Study on definition of VMCS", "Atsushi Shimono", "https://sumire.pbworks.com/w/file/94811648/SSN-00013-001-VMCSdef.pptx", "2015/09/15", "SSN-00013. pfspo 15999"
"PFS-SPT-IPM001001-01", "Requirements and interfaces on ETS (Exposure Targeting Software)", "Atsushi Shimono", "https://github.com/Subaru-PFS/ics_doc/blob/master/SSN-00014-001%2B-ETS-IF.pptx", "2015/09/03", "SSN-00014. pfspo 15858"
"PFS-DRP-IPM001000-01", "Requirements on on-site DRP", "Atsushi Shimono", "https://github.com/Subaru-PFS/ics_doc/blob/master/SSN-00015-001%2B-on-site-DRP.pptx", "2015/09/11", "SSN-00015. Ipmupfs:0184"
"PFS-ICS-IPM001007-01", "Connection from PFS ICS to Gen2", "Atsushi Shimono", "https://sumire.pbworks.com/w/file/101124121/SSN-00016-001-Gen2-OBCP.pptx", "2015/09/28", "SSN-00016"
"PFS-ICS-IPM001008-01", "Message exchange internal of tron", "Atsushi Shimono", "https://sumire.pbworks.com/w/file/102017251/SSN-00017-001-tron.pptx", "2015/10/20", "SSN-00017"
"PFS-ICS-IPM001009-01", "ICS on-site storage plan", "Atsushi Shimono", "https://sumire.pbworks.com/w/file/102077665/SSN-00018-001-ICS-storage.pptx", "2015/10/20", "SSN-00018"
"PFS-GEN-IPM001004-01", "PFS Software status update", "Atsushi Shimono", "https://sumire.pbworks.com/w/file/102897973/SSN-00019-001-PFSSoftwareStatusUpdate.pptx", "2015/10/21", "SSN-00019"
"PFS-ICS-IPM001010-01", "Preparation at Subaru/Summit before delivery of subsystems", "Atsushi Shimono", "https://github.com/Subaru-PFS/ics_doc/tree/master/SSN-00020", "2015/11/27", "SSN-00020"
"PFS-PFI-IPM001007-01", "Procedure to measure and store MPS configurations", "Atsushi Shimono", "https://github.com/Subaru-PFS/ics_doc/blob/master/SSN-00021-001%2B-MPSconfiguration.pptx", "2015/11/27", "SSN-00021. pfspo 16593"
"PFS-ICS-IPM001011-01", "ICS on-site (summit/CB2F) rack design, restriction and unit registration", "Atsushi Shimono", "https://sumire.pbworks.com/w/file/106906770/SSN-00022-001%2B-OnSiteCB2FRack.pptx", "2016/04/08", "SSN-00022"
"PFS-ICS-IPM001012-02", "(AG/A&G control flow and interface", "Atsushi Shimono", "https://github.com/Subaru-PFS/ics_doc/tree/master/SSN-00023", "2018/09/26", "SSN-00023"
"PFS-ICS-IPM001013-00", "FITS file generation flow", "Atsushi Shimono", , , "SSN-00024"
"PFS-PFI-IPM001009-01", "Collision detection during Cobra configuration", "Atsushi Shimono", "https://github.com/Subaru-PFS/ics_doc/tree/master/SSN-00025", "2018/09/26", "SSN-00025"
"PFS-PFI-IPM001010-01", "Cobra collision cases", "Atsushi Shimono", "https://github.com/Subaru-PFS/ics_doc/tree/master/SSN-00026", "2018/09/26", "SSN-00026"
"PFS-ICS-IPM001014-01", "(TradeStudy) Cobra operational data (spot measurement, target) handling on MHS or DB", "Atsushi Shimono", "https://github.com/Subaru-PFS/ics_doc/tree/master/SSN-00027", "2017/02/10", "SSN-00027"
"PFS-ICS-IPM001015-01", "ics_dnsmasq (ICS DHCP/DNS server) organization and item registration procedure", "Atsushi Shimono", "https://github.com/Subaru-PFS/ics_doc/tree/master/SSN-00028", "2018/06/20", "SSN-00028"
"PFS-ICS-IPM001016-01", "(Material for review) PFS ICS infrastructure design and performance verification", "Atsushi Shimono", "https://github.com/Subaru-PFS/ics_doc/blob/master/SSN-00029.pptx", "2017/03/09", "SSN-00029"
"PFS-ICS-IPM001017-01", "PFS ICS production configuration", "Atsushi Shimono", "https://github.com/Subaru-PFS/ics_doc/tree/master/SSN-00030", "2018/04/01", "SSN-00030"
"PFS-SPS-IPM001010-03", "SpS power and heat budget", "Atsushi Shimono", "https://sumire.pbworks.com/w/file/128351088/SpS-SM-PowerHeat-Budget-v3-rev4-20171017.xlsx", "2017/10/17", "PFS-SpS:03261"
"PFS-GEN-IPM003001-01", "PFS Expected Performance Summary","Kiyoto Yabe","https://sumire.pbworks.com/w/file/129441444/PFS-GEN-IPM003001-01_pfs_expected_performance_KYabe_20170731.pdf","2017/07/31",
"PFS-GEN-IPM003002-01", "PFS Operational Plan","Kiyoto Yabe","https://github.com/Subaru-PFS/doc/blob/master/operation/pfs_operation_plan_doc.tex","2016/08/24",
"PFS-GEN-IPM003003-01", "PFS Gen2 Command Proposal","Kiyoto Yabe","https://sumire.pbworks.com/w/file/129441486/pfs_gen2_commands_proposal_KYabe_20180115.pdf","2018/01/15",
"PFS-GEN-IPM003004-01", "PFS Summit Displaying Proposal","Kiyoto Yabe","https://sumire.pbworks.com/w/file/129441516/pfs_summit_display_KYabe_20170616.pdf","2017/06/16",
"PFS-GEN-IPM004000-01", "PFS Commissioning Work Flow", "Yuki Moritani", "https://github.com/Subaru-PFS/ics_doc/blob/master/commissioning/commissioning_details.pdf", "2017/04/24",   
"PFS-GEN-IPM004001-01", "AIT of subsystems at Subaru workflow and requirements", "Yuki Moritani", "https://sumire.pbworks.com/w/file/111633073/PFS-GEN-IPM004001-01_PFS_AIT_Subaru.pptx", "2018/04/24",   
"PFS-GEN-IPM004002-01", "Run 0 configuration", "Yuki Moritani", "https://pfs.ipmu.jp/docsrv/docinfo.cgi?did=2960", "2018/01/06",   
"PFS-GEN-IPM004003-02", "Run 1 configuration", "Yuki Moritani", "https://sumire.pbworks.com/w/file/128342742/PFS-GEN-IPM004003-02-Erun1_plan.pdf", "2018/08/16", 
"PFS-GEN-IPM004004-01", "Report of MCS June Run", "Yuki Moritani", "https://pfs.ipmu.jp/internal/docsrv/docinfo.cgi?did=3152","2018/06/15", "PFS-ics:01343/pfspo 24817"
"PFS-GEN-IPM004005-00", "WFC distortion", "Yuki Moritani", , "2018/09/27", "drafting"
"PFS-GEN-IPM004006-01", "Plan of Engineering Run 1: Readiness Review Material", "Yuki Moritani", "https://pfs.ipmu.jp/internal/docsrv/docinfo.cgi?did=3200", "2018/10/16", "PFS-ics:01537/pfspo 25718"
"PFS-GEN-IPM004007-03", "Plan of Run 00 c (using HSC)in Nov. 2018", "Yuki Moritani", "https://pfs.ipmu.jp/internal/docsrv/docinfo.cgi?did=3230", "2018/10/16", "pfspo 25978"
"PFS-PFI-IPM004000-01", "Screening Cable C by FRD Measurement", "Yuki Moritani", "https://sumire.pbworks.com/w/file/128131368/PFS-PFI-IPM004000-CableC_Screening_20180815.pdf", "2018/08/15", 
"PFS-PFI-IPM004002-01", "FRD data: Reels 02--49", "Yuki Moritani", "To be uploaded", "2018/10/04",
"PFS-PFI-IPM004003-01", "FRD data: Reels 50--96", "Yuki Moritani", "To be uploaded", "2019/01/15",
"PFS-PFI-IPM004004-01", "FRD data: Reels 97--TBD", "Yuki Moritani", "To be uploaded", "2019/01/31",
"PFS-MCS-IPM004000-01", "MCS anomalies at AIT work @ Subaru and associated documentation", "Yuki Moritani", "https://pfs.ipmu.jp/docsrv/docinfo.cgi?did=3121", "2018/06/18",
"PFS-SPS-IPM100000-01", "Slit unit pointing test", "Graham Murray", "https://sumire.pbworks.com/w/file/94634438/Slit%20unit%20pointing.pdf", "2014/10/25",
"PFS-SPS-IPM100001-01", "Dummy Cable B Build & Evaluation Summary", "Graham Murray", "https://sumire.pbworks.com/w/file/121359156/Dummy%20Cable%20B%20Summary-GJMurray-20161121.pdf", "2016/11/21",
"PFS-SPS-IPM100002-02", "MTP Ferrule breakage during the FRD test of Dummy Cable B at LAM", "Graham Murray", "https://sumire.pbworks.com/w/file/121415136/MTP%20Ferrule%20breakage%20report%20V2-GJMurray-20171103.pdf", "2017/11/03",
"PFS-SPS-IPM100003-01", "Dummy Cable Repair Report by Graham", "Graham Murray", , , "in preparation"
"PFS-FIB-IPM100000-01", "Cable terminus concept", "Graham Murray", "https://sumire.pbworks.com/w/file/118615788/Cable%20terminus%20concept%20GJMurray%2020170527.ppt", "2017/05/27",
"PFS-FIB-IPM100001-01", "Proposed test bench", "Graham Murray", "https://sumire.pbworks.com/w/file/118615791/Proposed%20test%20bench%20GJMurray%2020170527.ppt", "2017/05/27",
"PFS-FIB-IPM100002-01", "Options for conduits and fittings", "Graham Murray", "https://pfs.ipmu.jp/internal/docsrv/docinfo.cgi?did=3151 ", "2018/08/17",
"PFS-FIB-IPM110000-01", "PFS prototype cable B FRD test results", "Tim Butterley", "https://sumire.pbworks.com/w/file/115419187/pfs-frd.pdf", "2017/02/14",
"PFS-PFI-IPM100000-01", "Fibre termination using ceramic ferrules", "Graham Murray", "https://sumire.pbworks.com/w/file/fetch/88073692/Fibre%20termination.pdf", "2014/10/25",
"PFS-GEN-IPM900000-01", "Reference Code for PFS documents", "Project Office", "https://sumire.pbworks.com/w/file/fetch/126042107/ReferenceCode_20180504.pdf", "2018/05/04",
"PFS-GEN-IPM900000-02", "Reference Code for PFS documents", "Project Office", "https://sumire.pbworks.com/w/file/fetch/126042107/ReferenceCode_20180504.pdf", "2018/09/19",
"PFS-FIB-IPM900001-01", "Cable B mini-design review Review objec6ves & success criteria", "Naoyuki Tamura", "https://sumire.pbworks.com/w/file/128335701/PFS-FIB-IPM000003-01_CableBReviewObjectives.pdf", "2018/08/27", "syseng:1376/pfspo 24976"
"PFS-PFI-IPM900001-01", "Scope of PFI I&T mini review: Spare module installation", "Naoyuki Tamura", "", "2019/03/04",